#expname,ra,dec,mag,dm,snr,filter,zp,mjd,x,y,peakval,skyval,peakfit,dpeak,skyfit,flux,dflux,chin,major,minor,snrdet,snrlimit,apfit
02a58337o0859c,69.7373193023,-20.6622213953,>18.73,0,3,c,22.235,58337.6324146,1032.49,6635.25,177,185.3,-4.3,36.2,190,2706.7,2410,1.24,2.72,2.56,1,3,-0.403
02a58341o0834c,69.7373193023,-20.6622213953,20.07,0.29,3.27,c,22.24,58341.6170553,3707.09,6013.01,205,181.8,23.2,7.1,182.8,620.9,379.9,0.93,2.66,2.48,1,3,-0.4
02a58341o0871c,69.7373193023,-20.6622213953,19.22,0.64,1.24,c,22.29,58341.6341223,3725.16,6051.31,226,191.4,48.9,39.5,192.2,5704.1,3144.9,0.91,2.81,2.59,1,3,-0.398
02a58341o0880c,69.7373193023,-20.6622213953,>17.6,0,3,c,22.374,58341.6382846,3670.2,5974.57,320,221.3,79.3,114.3,228.6,-1004.7,8131.7,1.3,2.79,2.54,1,3,-0.441
02a58345o0842c,69.7373193023,-20.6622213953,>19.15,0,3,c,20.939,58345.6206062,3777.12,7444.88,192,182.5,1.2,8.1,182.4,681.1,558,1.3,2.63,2.43,1,3,-0.4
02a58345o0859c,69.7373193023,-20.6622213953,19.43,0.32,2.88,c,21.707,58345.6285211,3794.5,7483.28,208,180.7,27.4,9.5,179.4,880.6,694.3,1.16,2.56,2.4,1,3,-0.402
02a58345o0876c,69.7373193023,-20.6622213953,>18.06,0,3,c,21.64,58345.6365364,3721.61,7406.41,187,194.5,-47.6,42.6,195.4,-433.6,3093.6,1.02,2.62,2.42,1,3,-0.41
