#expname,ra,dec,mag,dm,snr,filter,zp,mjd,x,y,peakval,skyval,peakfit,dpeak,skyfit,flux,dflux,chin,major,minor,snrdet,snrlimit,apfit
01a58676o0696o,36.57712,-9.83594,>20.21,0,3,o,22.177,58676.5653253,3733.21,4477.42,166,179.5,-4,5.8,178,23,493.9,1.42,3.42,3.09,1,3,-0.405
01a58676o0703o,36.57712,-9.83594,>20.15,0,3,o,22.176,58676.5687351,3713.43,4439.28,158,178.6,-1.7,6.4,176.5,-399,561,0.94,3.32,3.04,1,3,-0.409
01a58676o0723o,36.57712,-9.83594,>20.27,0,3,o,22.194,58676.5786118,3775.8,4517.56,179,181.8,-7.5,6,180.8,-815.1,467.7,0.96,3.26,3.02,1,3,-0.411
01a58676o0735o,36.57712,-9.83594,>20.37,0,3,o,22.199,58676.5845486,3793.07,4400.82,192,181.8,-0.6,5.8,180.8,-788.2,474.1,1.17,3.17,2.94,1,3,-0.416
01a58676o0829o,36.57712,-9.83594,18.61,0.67,1.17,o,22.27,58676.6283582,3761.43,4464.94,211,109.6,51.1,43.8,107.3,2868.9,4043.6,0.97,3.59,3.25,1,3,-0.414
02a58678o0581o,36.57712,-9.83594,20.14,0.57,1.45,o,22.115,58678.5568935,7081.65,1747.71,195,180.1,29.8,20.6,175.9,144.5,1253.5,0.88,2.19,1.9,1,3,-0.43
02a58678o0588o,36.57712,-9.83594,>19.8,0,3,o,22.123,58678.5600976,7100.37,1785.99,172,182.1,-2.7,19.8,186.4,-846.3,1031.5,1.05,2.22,1.93,1,3,-0.426
02a58678o0600o,36.57712,-9.83594,>19.81,0,3,o,22.13,58678.5656679,7043.79,1708.07,170,178.1,-11.9,17.6,173,-770.4,1007.2,1.14,2.33,2.06,1,3,-0.428
02a58678o0622o,36.57712,-9.83594,>20.0,0,3,o,22.145,58678.5758561,7023.92,1824.4,165,177.8,8.4,16.2,180,571,1014.1,1.06,2.29,1.94,1,3,-0.418
